{"cameraMode":{"drawMode":0,"name":"Shaded","section":"Shading Mode"},"sceneLighting":true,"audioPlay":false,"sceneViewState":{"m_AlwaysRefresh":false,"showFog":true,"showSkybox":true,"showFlares":true,"showImageEffects":true,"showParticleSystems":true,"showVisualEffectGraphs":true,"m_FxEnabled":true},"in2DMode":false,"pivot":{"x":59.326927185058597,"y":2.0238394737243654,"z":174.08706665039063},"rotation":{"x":0.09592501074075699,"y":0.6787514686584473,"z":-0.0901191234588623,"w":0.7224782109260559},"size":1.5098536014556885,"orthographic":false}