{"cameraMode":{"drawMode":0,"name":"Shaded","section":"Shading Mode"},"sceneLighting":true,"audioPlay":false,"sceneViewState":{"m_AlwaysRefresh":false,"showFog":true,"showSkybox":true,"showFlares":true,"showImageEffects":true,"showParticleSystems":true,"showVisualEffectGraphs":true,"m_FxEnabled":true},"in2DMode":false,"pivot":{"x":213.22035217285157,"y":11.86264705657959,"z":146.81051635742188},"rotation":{"x":-0.09798261523246765,"y":0.4872147738933563,"z":-0.055458687245845798,"w":-0.8663257956504822},"size":7.772676944732666,"orthographic":false}