{"cameraMode":{"drawMode":0,"name":"Shaded","section":"Shading Mode"},"sceneLighting":true,"audioPlay":false,"sceneViewState":{"m_AlwaysRefresh":false,"showFog":true,"showSkybox":true,"showFlares":true,"showImageEffects":true,"showParticleSystems":true,"showVisualEffectGraphs":true,"m_FxEnabled":true},"in2DMode":false,"pivot":{"x":9.849867820739746,"y":36.029048919677737,"z":7.02125358581543},"rotation":{"x":-0.000511783582624048,"y":0.9989777207374573,"z":0.011678767390549183,"w":0.04378456622362137},"size":15.443461418151856,"orthographic":false}