{"cameraMode":{"drawMode":0,"name":"Shaded","section":"Shading Mode"},"sceneLighting":true,"audioPlay":false,"sceneViewState":{"m_AlwaysRefresh":false,"showFog":true,"showSkybox":true,"showFlares":true,"showImageEffects":true,"showParticleSystems":true,"showVisualEffectGraphs":true,"m_FxEnabled":true},"in2DMode":false,"pivot":{"x":55.29170608520508,"y":0.6061792969703674,"z":166.7016143798828},"rotation":{"x":0.0017112581990659237,"y":0.9980950355529785,"z":0.05244794115424156,"w":-0.032653290778398517},"size":1.6784454584121705,"orthographic":false}