{"cameraMode":{"drawMode":0,"name":"Shaded","section":"Shading Mode"},"sceneLighting":true,"audioPlay":false,"sceneViewState":{"m_AlwaysRefresh":false,"showFog":true,"showSkybox":true,"showFlares":true,"showImageEffects":true,"showParticleSystems":true,"showVisualEffectGraphs":true,"m_FxEnabled":true},"in2DMode":false,"pivot":{"x":62.153812408447269,"y":2.9332475662231447,"z":171.7493896484375},"rotation":{"x":0.04900900647044182,"y":0.7301276922225952,"z":-0.05367482826113701,"w":0.679440438747406},"size":1.2204476594924927,"orthographic":false}