{"cameraMode":{"drawMode":0,"name":"Shaded","section":"Shading Mode"},"sceneLighting":true,"audioPlay":false,"sceneViewState":{"m_AlwaysRefresh":false,"showFog":true,"showSkybox":true,"showFlares":true,"showImageEffects":true,"showParticleSystems":true,"showVisualEffectGraphs":true,"m_FxEnabled":true},"in2DMode":false,"pivot":{"x":73.21356964111328,"y":10.480720520019532,"z":171.27871704101563},"rotation":{"x":-0.5633003115653992,"y":-0.04531176760792732,"z":0.030960533767938615,"w":-0.8244397044181824},"size":13.205022811889649,"orthographic":false}